ReviewID,EmployeeID,ReviewDate,PerformanceScore,Comments,ReviewCycle,ReviewerName,GoalsMet,TrainingCompleted
R001,E001,2023-09-10,1,Reach improve college rest energy sense today.,Q1 2023,Christopher Burns,1,Yes
R002,E002,2024-05-26,2,Personal onto help catch claim room.,Q4 2023,Maurice Nolan,8,Yes
R003,E003,2024-05-05,4,Office nearly red case knowledge.,Q4 2023,Rebecca Gill,2,Yes
R004,E004,2024-03-27,1,Good ahead per lead argue their.,Q1 2023,John Sanchez,5,No
R005,E005,2024-05-20,4,How choose yard cost yard off.,Q4 2023,Cory Gross,3,Yes
R006,E006,2024-04-07,1,Imagine environment owner best.,Q2 2023,Sarah Valdez,9,No
R007,E007,2024-07-23,2,A son you report Republican help.,Q1 2023,Samantha Gilbert,3,Yes
R008,E008,2023-10-03,3,Newspaper article full.,Q4 2023,Jeffrey Hooper,7,Yes
R009,E009,2024-07-25,1,Each during garden about rich rich wall.,Q1 2023,Nicholas Burns,9,No
R010,E010,2023-09-26,2,Consumer interest tough suddenly record plan method.,Q3 2023,Brandon Lewis,7,Yes
R011,E011,2024-04-29,5,Position north thus visit what machine wind side.,Q4 2023,Andrea Wolfe,3,No
R012,E012,2024-01-25,2,Low sure treatment over movie buy.,Q4 2023,Margaret Mcgee,3,No
R013,E013,2023-08-12,4,Pattern see run month.,Q2 2023,Michele Mullen,7,No
R014,E014,2024-03-11,1,Establish eat make.,Q4 2023,James Payne,8,Yes
R015,E015,2023-09-04,3,Because serve energy wish above sister town.,Q4 2023,Brett Johnson,8,Yes
R016,E016,2024-01-30,3,Safe tough size particularly.,Q3 2023,Jason Fleming,9,No
R017,E017,2024-07-16,2,Expert use test truth in land wide article.,Q1 2023,Natalie Howell,9,No
R018,E018,2024-03-12,4,Movie particularly majority far.,Q1 2023,Mr. Jacob Taylor DVM,3,No
R019,E019,2024-06-21,4,Seven major that institution business.,Q2 2023,Isabel Washington,8,No
R020,E020,2024-04-02,3,Commercial cell put.,Q3 2023,Ryan Randall,10,No
R021,E021,2024-01-12,3,Cell key recently individual benefit itself pattern size.,Q1 2023,Jerry West,10,No
R022,E022,2023-08-04,1,Page character light guy available point.,Q2 2023,Kelly Adams,5,Yes
R023,E023,2024-02-14,4,Goal if national leader court current and.,Q3 2023,Jessica Munoz,2,Yes
R024,E024,2024-04-22,1,Break history light student drive help.,Q4 2023,Gina Diaz,4,Yes
R025,E025,2023-12-14,3,Sometimes game nation skill PM support.,Q3 2023,Steven Rivera DDS,3,No
R026,E026,2024-05-16,4,Current into society say account surface fight.,Q3 2023,David Solomon,4,No
R027,E027,2023-08-31,5,Try best ability.,Q1 2023,Wendy Day,3,No
R028,E028,2024-04-12,5,Sense production only war industry past early.,Q2 2023,Bianca Juarez,10,No
R029,E029,2024-04-19,3,None coach almost treat.,Q3 2023,Joseph Phillips,7,Yes
R030,E030,2024-06-05,5,Quality fund mention guess board born shoulder.,Q4 2023,Colleen King,5,Yes
R031,E031,2024-06-14,5,A attorney so trial author.,Q4 2023,Ashley Clark,7,No
R032,E032,2023-09-06,4,Keep cut father coach case.,Q3 2023,Amy Massey,1,No
R033,E033,2023-10-03,2,Agreement answer a difficult in maintain.,Q3 2023,Randy Peterson,9,No
R034,E034,2023-12-16,5,Mrs last heart nice wind.,Q2 2023,Patrick Moss,4,No
R035,E035,2023-09-20,1,Pull whatever cost past information western become blood.,Q4 2023,Tamara Carey,6,No
R036,E036,2024-02-28,2,Himself company administration six.,Q1 2023,Julian Williams,9,Yes
R037,E037,2023-07-28,4,Join why eye strong writer good.,Q3 2023,Russell Smith,9,Yes
R038,E038,2024-03-17,1,Work positive serious public before save their.,Q3 2023,Lisa Stein,1,Yes
R039,E039,2023-12-05,3,Cut thank environment commercial he once.,Q2 2023,Matthew Mendoza,2,Yes
R040,E040,2024-06-10,4,News perform case education.,Q4 2023,Kevin Martinez,10,No
R041,E041,2024-07-27,5,Hit baby field process.,Q1 2023,April Lee,3,No
R042,E042,2023-12-23,2,Question pay tree unit magazine respond organization.,Q4 2023,Maria Burke,6,Yes
R043,E043,2024-01-05,1,Record according stuff.,Q2 2023,Craig Jones,1,Yes
R044,E044,2023-10-12,2,Top four feeling dog practice physical.,Q2 2023,John Diaz,8,No
R045,E045,2024-01-26,3,Toward for herself threat.,Q3 2023,Jennifer Gomez,1,No
R046,E046,2023-10-28,5,Continue easy war responsibility rest manage will more.,Q3 2023,Richard Jones,6,Yes
R047,E047,2023-10-02,2,Central pass myself person open box.,Q3 2023,Jason Andrews,10,No
R048,E048,2024-02-27,3,Right explain avoid skin skill stage.,Q1 2023,Bryan Johnson,6,No
R049,E049,2024-05-29,5,Service head prepare together yeah enter present.,Q2 2023,Kenneth Smith,7,No
R050,E050,2023-11-04,3,Control Congress whole upon east.,Q4 2023,Kendra Dillon,2,No
R051,E051,2023-08-11,2,Charge paper begin building fund itself.,Q1 2023,Kyle Hurley,8,No
R052,E052,2024-06-17,3,Short market forward ok.,Q1 2023,Sara Rios,2,No
R053,E053,2024-01-23,4,Official laugh fact.,Q3 2023,Kelly Roberts,3,No
R054,E054,2024-07-22,5,We exist answer travel fly end throughout one.,Q2 2023,Tristan Soto,6,Yes
R055,E055,2024-04-16,4,Understand first show player charge gas.,Q3 2023,Amanda Orozco,5,Yes
R056,E056,2024-02-27,5,Gas reduce south still move tax.,Q3 2023,Karen Murray,5,No
R057,E057,2023-08-28,3,Per since continue ask rather since.,Q4 2023,Sabrina Garcia,8,No
R058,E058,2024-01-13,4,Treatment expect check former air town.,Q3 2023,Gabrielle Wilson,6,No
R059,E059,2023-10-16,3,Medical other area fine after smile.,Q1 2023,Natasha Howard,3,No
R060,E060,2024-06-11,1,Move similar later still alone.,Q4 2023,Thomas Thornton,10,Yes
R061,E061,2023-12-27,3,Manager reality garden whether reason picture board.,Q1 2023,Leah Campbell,3,Yes
R062,E062,2023-11-26,3,International miss second Mr.,Q2 2023,Eric Foster,8,No
R063,E063,2023-12-04,2,Official baby take student station when any.,Q2 2023,Daniel Barron,4,No
R064,E064,2023-09-23,5,Character there minute join consumer I four participant.,Q2 2023,Anthony Davis,4,No
R065,E065,2024-06-04,5,Range develop knowledge resource writer eye task.,Q1 2023,Ashley Alvarado,2,Yes
R066,E066,2024-04-04,5,New keep modern land herself fear.,Q3 2023,Christopher Mitchell,9,No
R067,E067,2023-07-30,4,City find western experience.,Q2 2023,Michael Rivera,3,No
R068,E068,2023-09-01,1,Else capital next national across.,Q1 2023,Katherine Joseph,8,No
R069,E069,2023-10-24,1,Establish standard food describe behavior.,Q1 2023,Jessica Parsons,9,Yes
R070,E070,2024-07-17,5,Whom tax general again could according.,Q3 2023,Stacy Patel,2,Yes
R071,E071,2023-12-12,4,Ever avoid alone certainly television charge.,Q4 2023,Amy Gallegos,5,No
R072,E072,2024-02-12,1,Near rule social sister.,Q1 2023,Margaret Roberson,9,Yes
R073,E073,2024-06-09,1,Dog learn administration discuss.,Q1 2023,David Smith,9,Yes
R074,E074,2023-09-20,3,Area guy use then onto Democrat.,Q1 2023,Charles Campbell,9,Yes
R075,E075,2023-12-13,1,Style billion skill report available painting series.,Q3 2023,William Wise,4,Yes
